brand,series_l1,subseries,model,name,url,field,value
"hikvision","HiLook","Value Camera","IPC-B120HA-LU","IPC-B120HA-LU 2 MP Smart Hybrid Light MD 2.0 Fixed Bullet Network Camera","https://www.hikvision.com/en/products/HiLook-IP-Products/Network-Cameras/Value-Camera/ipc-b120ha-lu/","Image Sensor","1/2.9\" Progressive Scan CMOS"
"hikvision","HiLook","Value Camera","IPC-B120HA-LU","IPC-B120HA-LU 2 MP Smart Hybrid Light MD 2.0 Fixed Bullet Network Camera","https://www.hikvision.com/en/products/HiLook-IP-Products/Network-Cameras/Value-Camera/ipc-b120ha-lu/","Max. Resolution","1920 × 1080"
"hikvision","HiLook","Value Camera","IPC-B120HA-LU","IPC-B120HA-LU 2 MP Smart Hybrid Light MD 2.0 Fixed Bullet Network Camera","https://www.hikvision.com/en/products/HiLook-IP-Products/Network-Cameras/Value-Camera/ipc-b120ha-lu/","Min. Illumination","Color: 0.005 Lux @ (F1.6, AGC ON),B/W: 0 Lux with IR"
"hikvision","HiLook","Value Camera","IPC-B120HA-LU","IPC-B120HA-LU 2 MP Smart Hybrid Light MD 2.0 Fixed Bullet Network Camera","https://www.hikvision.com/en/products/HiLook-IP-Products/Network-Cameras/Value-Camera/ipc-b120ha-lu/","Shutter Time","1/3 s to 1/100,000 s"
"hikvision","HiLook","Value Camera","IPC-B120HA-LU","IPC-B120HA-LU 2 MP Smart Hybrid Light MD 2.0 Fixed Bullet Network Camera","https://www.hikvision.com/en/products/HiLook-IP-Products/Network-Cameras/Value-Camera/ipc-b120ha-lu/","Day & Night","IR cut filter"
"hikvision","HiLook","Value Camera","IPC-B120HA-LU","IPC-B120HA-LU 2 MP Smart Hybrid Light MD 2.0 Fixed Bullet Network Camera","https://www.hikvision.com/en/products/HiLook-IP-Products/Network-Cameras/Value-Camera/ipc-b120ha-lu/","Angle Adjustment","Pan: 0° to 360°,tilt: 0° to 90°,rotate: 0° to 360°"
"hikvision","HiLook","Value Camera","IPC-B120HA-LU","IPC-B120HA-LU 2 MP Smart Hybrid Light MD 2.0 Fixed Bullet Network Camera","https://www.hikvision.com/en/products/HiLook-IP-Products/Network-Cameras/Value-Camera/ipc-b120ha-lu/","Lens Type","Fixed focal lens, 2.8 and 4 mm optional"
"hikvision","HiLook","Value Camera","IPC-B120HA-LU","IPC-B120HA-LU 2 MP Smart Hybrid Light MD 2.0 Fixed Bullet Network Camera","https://www.hikvision.com/en/products/HiLook-IP-Products/Network-Cameras/Value-Camera/ipc-b120ha-lu/","Focal Length & FOV","2.8 mm, horizontal FOV 103°, vertical FOV 56°, diagonal FOV 121°\n4 mm, horizontal FOV 83°, vertical FOV 44°, diagonal FOV 99°"
"hikvision","HiLook","Value Camera","IPC-B120HA-LU","IPC-B120HA-LU 2 MP Smart Hybrid Light MD 2.0 Fixed Bullet Network Camera","https://www.hikvision.com/en/products/HiLook-IP-Products/Network-Cameras/Value-Camera/ipc-b120ha-lu/","Lens Mount","M12"
"hikvision","HiLook","Value Camera","IPC-B120HA-LU","IPC-B120HA-LU 2 MP Smart Hybrid Light MD 2.0 Fixed Bullet Network Camera","https://www.hikvision.com/en/products/HiLook-IP-Products/Network-Cameras/Value-Camera/ipc-b120ha-lu/","Iris Type","Fixed"
"hikvision","HiLook","Value Camera","IPC-B120HA-LU","IPC-B120HA-LU 2 MP Smart Hybrid Light MD 2.0 Fixed Bullet Network Camera","https://www.hikvision.com/en/products/HiLook-IP-Products/Network-Cameras/Value-Camera/ipc-b120ha-lu/","Aperture","F1.6"
"hikvision","HiLook","Value Camera","IPC-B120HA-LU","IPC-B120HA-LU 2 MP Smart Hybrid Light MD 2.0 Fixed Bullet Network Camera","https://www.hikvision.com/en/products/HiLook-IP-Products/Network-Cameras/Value-Camera/ipc-b120ha-lu/","DORI","2.8 mm, D: 45 m, O: 18 m, R: 9 m, I: 4 m\n4 mm, D: 56 m, O: 22 m, R: 11 m, I: 5 m"
"hikvision","HiLook","Value Camera","IPC-B120HA-LU","IPC-B120HA-LU 2 MP Smart Hybrid Light MD 2.0 Fixed Bullet Network Camera","https://www.hikvision.com/en/products/HiLook-IP-Products/Network-Cameras/Value-Camera/ipc-b120ha-lu/","Supplement Light Type","IR,White Light"
"hikvision","HiLook","Value Camera","IPC-B120HA-LU","IPC-B120HA-LU 2 MP Smart Hybrid Light MD 2.0 Fixed Bullet Network Camera","https://www.hikvision.com/en/products/HiLook-IP-Products/Network-Cameras/Value-Camera/ipc-b120ha-lu/","Supplement Light Range","Up to 30 m"
"hikvision","HiLook","Value Camera","IPC-B120HA-LU","IPC-B120HA-LU 2 MP Smart Hybrid Light MD 2.0 Fixed Bullet Network Camera","https://www.hikvision.com/en/products/HiLook-IP-Products/Network-Cameras/Value-Camera/ipc-b120ha-lu/","Smart Supplement Light","Yes"
"hikvision","HiLook","Value Camera","IPC-B120HA-LU","IPC-B120HA-LU 2 MP Smart Hybrid Light MD 2.0 Fixed Bullet Network Camera","https://www.hikvision.com/en/products/HiLook-IP-Products/Network-Cameras/Value-Camera/ipc-b120ha-lu/","IR Wavelength","850 nm"
"hikvision","HiLook","Value Camera","IPC-B120HA-LU","IPC-B120HA-LU 2 MP Smart Hybrid Light MD 2.0 Fixed Bullet Network Camera","https://www.hikvision.com/en/products/HiLook-IP-Products/Network-Cameras/Value-Camera/ipc-b120ha-lu/","Main Stream","50 Hz: 25 fps (1920 × 1080, 1280 × 720)\n60 Hz: 30 fps (1920 × 1080, 1280 × 720)"
"hikvision","HiLook","Value Camera","IPC-B120HA-LU","IPC-B120HA-LU 2 MP Smart Hybrid Light MD 2.0 Fixed Bullet Network Camera","https://www.hikvision.com/en/products/HiLook-IP-Products/Network-Cameras/Value-Camera/ipc-b120ha-lu/","Sub-Stream","50 Hz: 25 fps (640 × 480, 640 × 360)\n60 Hz: 30 fps (640 × 480, 640 × 360)"
"hikvision","HiLook","Value Camera","IPC-B120HA-LU","IPC-B120HA-LU 2 MP Smart Hybrid Light MD 2.0 Fixed Bullet Network Camera","https://www.hikvision.com/en/products/HiLook-IP-Products/Network-Cameras/Value-Camera/ipc-b120ha-lu/","Video Compression","Main stream: H.265+/H.265/H.264+/H.264,\nSub-stream: H.265/H.264/MJPEG"
"hikvision","HiLook","Value Camera","IPC-B120HA-LU","IPC-B120HA-LU 2 MP Smart Hybrid Light MD 2.0 Fixed Bullet Network Camera","https://www.hikvision.com/en/products/HiLook-IP-Products/Network-Cameras/Value-Camera/ipc-b120ha-lu/","Video Bit Rate","32 Kbps to 8 Mbps"
"hikvision","HiLook","Value Camera","IPC-B120HA-LU","IPC-B120HA-LU 2 MP Smart Hybrid Light MD 2.0 Fixed Bullet Network Camera","https://www.hikvision.com/en/products/HiLook-IP-Products/Network-Cameras/Value-Camera/ipc-b120ha-lu/","H.264 Type","Baseline Profile,Main Profile,High Profile"
"hikvision","HiLook","Value Camera","IPC-B120HA-LU","IPC-B120HA-LU 2 MP Smart Hybrid Light MD 2.0 Fixed Bullet Network Camera","https://www.hikvision.com/en/products/HiLook-IP-Products/Network-Cameras/Value-Camera/ipc-b120ha-lu/","H.265 Type","Main Profile"
"hikvision","HiLook","Value Camera","IPC-B120HA-LU","IPC-B120HA-LU 2 MP Smart Hybrid Light MD 2.0 Fixed Bullet Network Camera","https://www.hikvision.com/en/products/HiLook-IP-Products/Network-Cameras/Value-Camera/ipc-b120ha-lu/","Bit Rate Control","CBR,VBR"
"hikvision","HiLook","Value Camera","IPC-B120HA-LU","IPC-B120HA-LU 2 MP Smart Hybrid Light MD 2.0 Fixed Bullet Network Camera","https://www.hikvision.com/en/products/HiLook-IP-Products/Network-Cameras/Value-Camera/ipc-b120ha-lu/","Region Of Interest (ROI)","1 fixed region for main stream"
"hikvision","HiLook","Value Camera","IPC-B120HA-LU","IPC-B120HA-LU 2 MP Smart Hybrid Light MD 2.0 Fixed Bullet Network Camera","https://www.hikvision.com/en/products/HiLook-IP-Products/Network-Cameras/Value-Camera/ipc-b120ha-lu/","Audio Type","Mono sound"
"hikvision","HiLook","Value Camera","IPC-B120HA-LU","IPC-B120HA-LU 2 MP Smart Hybrid Light MD 2.0 Fixed Bullet Network Camera","https://www.hikvision.com/en/products/HiLook-IP-Products/Network-Cameras/Value-Camera/ipc-b120ha-lu/","Environment Noise Filtering","Yes"
"hikvision","HiLook","Value Camera","IPC-B120HA-LU","IPC-B120HA-LU 2 MP Smart Hybrid Light MD 2.0 Fixed Bullet Network Camera","https://www.hikvision.com/en/products/HiLook-IP-Products/Network-Cameras/Value-Camera/ipc-b120ha-lu/","Audio Sampling Rate","8 kHz/16 kHz"
"hikvision","HiLook","Value Camera","IPC-B120HA-LU","IPC-B120HA-LU 2 MP Smart Hybrid Light MD 2.0 Fixed Bullet Network Camera","https://www.hikvision.com/en/products/HiLook-IP-Products/Network-Cameras/Value-Camera/ipc-b120ha-lu/","Audio Compression","G.711ulaw/G.711alaw/G.722.1/G.726/MP2L2/PCM/AAC-LC"
"hikvision","HiLook","Value Camera","IPC-B120HA-LU","IPC-B120HA-LU 2 MP Smart Hybrid Light MD 2.0 Fixed Bullet Network Camera","https://www.hikvision.com/en/products/HiLook-IP-Products/Network-Cameras/Value-Camera/ipc-b120ha-lu/","Audio Bit Rate","64 Kbps (G.711 ulaw/G.711 alaw)/16 Kbps (G.722.1)/16 Kbps (G.726)/32 to 160 Kbps (MP2L2)/16 to 64 Kbps (AAC-LC)"
"hikvision","HiLook","Value Camera","IPC-B120HA-LU","IPC-B120HA-LU 2 MP Smart Hybrid Light MD 2.0 Fixed Bullet Network Camera","https://www.hikvision.com/en/products/HiLook-IP-Products/Network-Cameras/Value-Camera/ipc-b120ha-lu/","Security","Password protection, complicated password, watermark, basic and digest authentication for HTTP, WSSE and digest authentication for Open Network Video Interface, security audit log, host authentication (MAC address)"
"hikvision","HiLook","Value Camera","IPC-B120HA-LU","IPC-B120HA-LU 2 MP Smart Hybrid Light MD 2.0 Fixed Bullet Network Camera","https://www.hikvision.com/en/products/HiLook-IP-Products/Network-Cameras/Value-Camera/ipc-b120ha-lu/","Simultaneous Live View","Up to 6 channels"
"hikvision","HiLook","Value Camera","IPC-B120HA-LU","IPC-B120HA-LU 2 MP Smart Hybrid Light MD 2.0 Fixed Bullet Network Camera","https://www.hikvision.com/en/products/HiLook-IP-Products/Network-Cameras/Value-Camera/ipc-b120ha-lu/","API","Open Network Video Interface (Profile S, Profile T),ISAPI,SDK"
"hikvision","HiLook","Value Camera","IPC-B120HA-LU","IPC-B120HA-LU 2 MP Smart Hybrid Light MD 2.0 Fixed Bullet Network Camera","https://www.hikvision.com/en/products/HiLook-IP-Products/Network-Cameras/Value-Camera/ipc-b120ha-lu/","Protocols","TCP/IP, ICMP, DHCP, DNS, HTTP, RTP, RTSP, NTP, IGMP, IPv6, UDP, QoS, FTP, SMTP"
"hikvision","HiLook","Value Camera","IPC-B120HA-LU","IPC-B120HA-LU 2 MP Smart Hybrid Light MD 2.0 Fixed Bullet Network Camera","https://www.hikvision.com/en/products/HiLook-IP-Products/Network-Cameras/Value-Camera/ipc-b120ha-lu/","User/Host","Up to 32 users\n3 user levels: administrator, operator, and user"
"hikvision","HiLook","Value Camera","IPC-B120HA-LU","IPC-B120HA-LU 2 MP Smart Hybrid Light MD 2.0 Fixed Bullet Network Camera","https://www.hikvision.com/en/products/HiLook-IP-Products/Network-Cameras/Value-Camera/ipc-b120ha-lu/","Client","iVMS-4200,HiLookVision"
"hikvision","HiLook","Value Camera","IPC-B120HA-LU","IPC-B120HA-LU 2 MP Smart Hybrid Light MD 2.0 Fixed Bullet Network Camera","https://www.hikvision.com/en/products/HiLook-IP-Products/Network-Cameras/Value-Camera/ipc-b120ha-lu/","Web Browser","Plug-in required live view: IE 10, IE 11,\nLocal service: Chrome 57.0+, Firefox 52.0+"
"hikvision","HiLook","Value Camera","IPC-B120HA-LU","IPC-B120HA-LU 2 MP Smart Hybrid Light MD 2.0 Fixed Bullet Network Camera","https://www.hikvision.com/en/products/HiLook-IP-Products/Network-Cameras/Value-Camera/ipc-b120ha-lu/","Wide Dynamic Range (WDR)","Digital WDR"
"hikvision","HiLook","Value Camera","IPC-B120HA-LU","IPC-B120HA-LU 2 MP Smart Hybrid Light MD 2.0 Fixed Bullet Network Camera","https://www.hikvision.com/en/products/HiLook-IP-Products/Network-Cameras/Value-Camera/ipc-b120ha-lu/","SNR","≥ 52 dB"
"hikvision","HiLook","Value Camera","IPC-B120HA-LU","IPC-B120HA-LU 2 MP Smart Hybrid Light MD 2.0 Fixed Bullet Network Camera","https://www.hikvision.com/en/products/HiLook-IP-Products/Network-Cameras/Value-Camera/ipc-b120ha-lu/","Day/Night Switch","Day,Night,Auto,Schedule"
"hikvision","HiLook","Value Camera","IPC-B120HA-LU","IPC-B120HA-LU 2 MP Smart Hybrid Light MD 2.0 Fixed Bullet Network Camera","https://www.hikvision.com/en/products/HiLook-IP-Products/Network-Cameras/Value-Camera/ipc-b120ha-lu/","Image Enhancement","BLC,HLC,3D DNR"
"hikvision","HiLook","Value Camera","IPC-B120HA-LU","IPC-B120HA-LU 2 MP Smart Hybrid Light MD 2.0 Fixed Bullet Network Camera","https://www.hikvision.com/en/products/HiLook-IP-Products/Network-Cameras/Value-Camera/ipc-b120ha-lu/","Image Settings","Rotate mode,saturation,brightness,contrast,sharpness,gain,white balance,adjustable by client software or web browser"
"hikvision","HiLook","Value Camera","IPC-B120HA-LU","IPC-B120HA-LU 2 MP Smart Hybrid Light MD 2.0 Fixed Bullet Network Camera","https://www.hikvision.com/en/products/HiLook-IP-Products/Network-Cameras/Value-Camera/ipc-b120ha-lu/","Privacy Mask","4 programmable polygon privacy masks"
"hikvision","HiLook","Value Camera","IPC-B120HA-LU","IPC-B120HA-LU 2 MP Smart Hybrid Light MD 2.0 Fixed Bullet Network Camera","https://www.hikvision.com/en/products/HiLook-IP-Products/Network-Cameras/Value-Camera/ipc-b120ha-lu/","Ethernet Interface","1 RJ45 10 M/100 M self-adaptive Ethernet port"
"hikvision","HiLook","Value Camera","IPC-B120HA-LU","IPC-B120HA-LU 2 MP Smart Hybrid Light MD 2.0 Fixed Bullet Network Camera","https://www.hikvision.com/en/products/HiLook-IP-Products/Network-Cameras/Value-Camera/ipc-b120ha-lu/","Built-In Microphone","Yes"
"hikvision","HiLook","Value Camera","IPC-B120HA-LU","IPC-B120HA-LU 2 MP Smart Hybrid Light MD 2.0 Fixed Bullet Network Camera","https://www.hikvision.com/en/products/HiLook-IP-Products/Network-Cameras/Value-Camera/ipc-b120ha-lu/","Basic Event","Motion detection (support alarm triggering by specified target types (human and vehicle)),video tampering alarm,exception"
"hikvision","HiLook","Value Camera","IPC-B120HA-LU","IPC-B120HA-LU 2 MP Smart Hybrid Light MD 2.0 Fixed Bullet Network Camera","https://www.hikvision.com/en/products/HiLook-IP-Products/Network-Cameras/Value-Camera/ipc-b120ha-lu/","Linkage","Upload to FTP,send email,notify surveillance center,trigger capture"
"hikvision","HiLook","Value Camera","IPC-B120HA-LU","IPC-B120HA-LU 2 MP Smart Hybrid Light MD 2.0 Fixed Bullet Network Camera","https://www.hikvision.com/en/products/HiLook-IP-Products/Network-Cameras/Value-Camera/ipc-b120ha-lu/","Power","12 VDC ± 25%, 0.4 A, max. 5 W,Ø5.5 mm coaxial power plug,reverse polarity protection,\nPoE: IEEE 802.3af, Class 3, max. 6.5 W"
"hikvision","HiLook","Value Camera","IPC-B120HA-LU","IPC-B120HA-LU 2 MP Smart Hybrid Light MD 2.0 Fixed Bullet Network Camera","https://www.hikvision.com/en/products/HiLook-IP-Products/Network-Cameras/Value-Camera/ipc-b120ha-lu/","Material","Metal & Plastic"
"hikvision","HiLook","Value Camera","IPC-B120HA-LU","IPC-B120HA-LU 2 MP Smart Hybrid Light MD 2.0 Fixed Bullet Network Camera","https://www.hikvision.com/en/products/HiLook-IP-Products/Network-Cameras/Value-Camera/ipc-b120ha-lu/","Dimension","184.1 mm × 66 mm × 69.1 mm (7.3\" × 2.6\" × 2.7\")"
"hikvision","HiLook","Value Camera","IPC-B120HA-LU","IPC-B120HA-LU 2 MP Smart Hybrid Light MD 2.0 Fixed Bullet Network Camera","https://www.hikvision.com/en/products/HiLook-IP-Products/Network-Cameras/Value-Camera/ipc-b120ha-lu/","Package Dimension","216 mm × 121 mm × 118 mm (8.5\" × 4.8\" × 4.6\")"
"hikvision","HiLook","Value Camera","IPC-B120HA-LU","IPC-B120HA-LU 2 MP Smart Hybrid Light MD 2.0 Fixed Bullet Network Camera","https://www.hikvision.com/en/products/HiLook-IP-Products/Network-Cameras/Value-Camera/ipc-b120ha-lu/","With Package Weight","Approx. 495 g (1.1 lb.)"
"hikvision","HiLook","Value Camera","IPC-B120HA-LU","IPC-B120HA-LU 2 MP Smart Hybrid Light MD 2.0 Fixed Bullet Network Camera","https://www.hikvision.com/en/products/HiLook-IP-Products/Network-Cameras/Value-Camera/ipc-b120ha-lu/","Storage Conditions","-30 °C to 60 °C (-22 °F to 140 °F). Humidity 95% or less (non-condensing)"
"hikvision","HiLook","Value Camera","IPC-B120HA-LU","IPC-B120HA-LU 2 MP Smart Hybrid Light MD 2.0 Fixed Bullet Network Camera","https://www.hikvision.com/en/products/HiLook-IP-Products/Network-Cameras/Value-Camera/ipc-b120ha-lu/","Startup And Operating Conditions","-30 °C to 60 °C (-22 °F to 140 °F). Humidity 95% or less (non-condensing)"
"hikvision","HiLook","Value Camera","IPC-B120HA-LU","IPC-B120HA-LU 2 MP Smart Hybrid Light MD 2.0 Fixed Bullet Network Camera","https://www.hikvision.com/en/products/HiLook-IP-Products/Network-Cameras/Value-Camera/ipc-b120ha-lu/","Language","English, Ukrainian"
"hikvision","HiLook","Value Camera","IPC-B120HA-LU","IPC-B120HA-LU 2 MP Smart Hybrid Light MD 2.0 Fixed Bullet Network Camera","https://www.hikvision.com/en/products/HiLook-IP-Products/Network-Cameras/Value-Camera/ipc-b120ha-lu/","General Function","Heartbeat,anti-banding,mirror,password protection,password reset via email"
"hikvision","HiLook","Value Camera","IPC-B120HA-LU","IPC-B120HA-LU 2 MP Smart Hybrid Light MD 2.0 Fixed Bullet Network Camera","https://www.hikvision.com/en/products/HiLook-IP-Products/Network-Cameras/Value-Camera/ipc-b120ha-lu/","EMC","FCC: 47 CFR Part 15, Subpart B,\nCE-EMC: EN 55032: 2015, EN 61000-3-2:2019, EN 61000-3-3: 2013+A1:2019, EN 50130-4: 2011 +A1: 2014,\nRCM: AS/NZS CISPR 32: 2015,\nIC: ICES-003: Issue 7"
"hikvision","HiLook","Value Camera","IPC-B120HA-LU","IPC-B120HA-LU 2 MP Smart Hybrid Light MD 2.0 Fixed Bullet Network Camera","https://www.hikvision.com/en/products/HiLook-IP-Products/Network-Cameras/Value-Camera/ipc-b120ha-lu/","Safety","CB: IEC 62368-1: 2014+A11,\nCE-LVD: EN 62368-1: 2014/A11: 2017"
"hikvision","HiLook","Value Camera","IPC-B120HA-LU","IPC-B120HA-LU 2 MP Smart Hybrid Light MD 2.0 Fixed Bullet Network Camera","https://www.hikvision.com/en/products/HiLook-IP-Products/Network-Cameras/Value-Camera/ipc-b120ha-lu/","Environment","CE-RoHS: 2011/65/EU,\nWEEE: 2012/19/EU,\nReach: Regulation (EC) No 1907/2006"
"hikvision","HiLook","Value Camera","IPC-B120HA-LU","IPC-B120HA-LU 2 MP Smart Hybrid Light MD 2.0 Fixed Bullet Network Camera","https://www.hikvision.com/en/products/HiLook-IP-Products/Network-Cameras/Value-Camera/ipc-b120ha-lu/","Protection","IP67: IEC 60529-2013"
"hikvision","HiLook","Value Camera","IPC-B120HA-LUF-SL","IPC-B120HA-LUF/SL 2 MP Smart Hybrid Light MD 2.0 Fixed Bullet Network Camera","https://www.hikvision.com/en/products/HiLook-IP-Products/Network-Cameras/Value-Camera/ipc-b120ha-luf-sl/","Image Sensor","1/2.9\" Progressive Scan CMOS"
"hikvision","HiLook","Value Camera","IPC-B120HA-LUF-SL","IPC-B120HA-LUF/SL 2 MP Smart Hybrid Light MD 2.0 Fixed Bullet Network Camera","https://www.hikvision.com/en/products/HiLook-IP-Products/Network-Cameras/Value-Camera/ipc-b120ha-luf-sl/","Max. Resolution","1920 × 1080"
"hikvision","HiLook","Value Camera","IPC-B120HA-LUF-SL","IPC-B120HA-LUF/SL 2 MP Smart Hybrid Light MD 2.0 Fixed Bullet Network Camera","https://www.hikvision.com/en/products/HiLook-IP-Products/Network-Cameras/Value-Camera/ipc-b120ha-luf-sl/","Min. Illumination","Color: 0.005 Lux @ (F1.6, AGC ON),B/W: 0 Lux with IR"
"hikvision","HiLook","Value Camera","IPC-B120HA-LUF-SL","IPC-B120HA-LUF/SL 2 MP Smart Hybrid Light MD 2.0 Fixed Bullet Network Camera","https://www.hikvision.com/en/products/HiLook-IP-Products/Network-Cameras/Value-Camera/ipc-b120ha-luf-sl/","Shutter Time","1/3 s to 1/100,000 s"
"hikvision","HiLook","Value Camera","IPC-B120HA-LUF-SL","IPC-B120HA-LUF/SL 2 MP Smart Hybrid Light MD 2.0 Fixed Bullet Network Camera","https://www.hikvision.com/en/products/HiLook-IP-Products/Network-Cameras/Value-Camera/ipc-b120ha-luf-sl/","Day & Night","IR cut filter"
"hikvision","HiLook","Value Camera","IPC-B120HA-LUF-SL","IPC-B120HA-LUF/SL 2 MP Smart Hybrid Light MD 2.0 Fixed Bullet Network Camera","https://www.hikvision.com/en/products/HiLook-IP-Products/Network-Cameras/Value-Camera/ipc-b120ha-luf-sl/","Angle Adjustment","Pan: 0° to 360°,tilt: 0° to 90°,rotate: 0° to 360°"
"hikvision","HiLook","Value Camera","IPC-B120HA-LUF-SL","IPC-B120HA-LUF/SL 2 MP Smart Hybrid Light MD 2.0 Fixed Bullet Network Camera","https://www.hikvision.com/en/products/HiLook-IP-Products/Network-Cameras/Value-Camera/ipc-b120ha-luf-sl/","Lens Type","Fixed focal lens, 2.8 and 4 mm optional"
"hikvision","HiLook","Value Camera","IPC-B120HA-LUF-SL","IPC-B120HA-LUF/SL 2 MP Smart Hybrid Light MD 2.0 Fixed Bullet Network Camera","https://www.hikvision.com/en/products/HiLook-IP-Products/Network-Cameras/Value-Camera/ipc-b120ha-luf-sl/","Focal Length & FOV","2.8 mm, horizontal FOV 103°, vertical FOV 56°, diagonal FOV 121°\n4 mm, horizontal FOV 83°, vertical FOV 44°, diagonal FOV 99°"
"hikvision","HiLook","Value Camera","IPC-B120HA-LUF-SL","IPC-B120HA-LUF/SL 2 MP Smart Hybrid Light MD 2.0 Fixed Bullet Network Camera","https://www.hikvision.com/en/products/HiLook-IP-Products/Network-Cameras/Value-Camera/ipc-b120ha-luf-sl/","Lens Mount","M12"
"hikvision","HiLook","Value Camera","IPC-B120HA-LUF-SL","IPC-B120HA-LUF/SL 2 MP Smart Hybrid Light MD 2.0 Fixed Bullet Network Camera","https://www.hikvision.com/en/products/HiLook-IP-Products/Network-Cameras/Value-Camera/ipc-b120ha-luf-sl/","Iris Type","Fixed"
"hikvision","HiLook","Value Camera","IPC-B120HA-LUF-SL","IPC-B120HA-LUF/SL 2 MP Smart Hybrid Light MD 2.0 Fixed Bullet Network Camera","https://www.hikvision.com/en/products/HiLook-IP-Products/Network-Cameras/Value-Camera/ipc-b120ha-luf-sl/","Aperture","F1.6"
"hikvision","HiLook","Value Camera","IPC-B120HA-LUF-SL","IPC-B120HA-LUF/SL 2 MP Smart Hybrid Light MD 2.0 Fixed Bullet Network Camera","https://www.hikvision.com/en/products/HiLook-IP-Products/Network-Cameras/Value-Camera/ipc-b120ha-luf-sl/","DORI","2.8 mm, D: 45 m, O: 18 m, R: 9 m, I: 4 m\n4 mm, D: 56 m, O: 22 m, R: 11 m, I: 5 m"
"hikvision","HiLook","Value Camera","IPC-B120HA-LUF-SL","IPC-B120HA-LUF/SL 2 MP Smart Hybrid Light MD 2.0 Fixed Bullet Network Camera","https://www.hikvision.com/en/products/HiLook-IP-Products/Network-Cameras/Value-Camera/ipc-b120ha-luf-sl/","Supplement Light Type","IR,White Light"
"hikvision","HiLook","Value Camera","IPC-B120HA-LUF-SL","IPC-B120HA-LUF/SL 2 MP Smart Hybrid Light MD 2.0 Fixed Bullet Network Camera","https://www.hikvision.com/en/products/HiLook-IP-Products/Network-Cameras/Value-Camera/ipc-b120ha-luf-sl/","Supplement Light Range","Up to 30 m"
"hikvision","HiLook","Value Camera","IPC-B120HA-LUF-SL","IPC-B120HA-LUF/SL 2 MP Smart Hybrid Light MD 2.0 Fixed Bullet Network Camera","https://www.hikvision.com/en/products/HiLook-IP-Products/Network-Cameras/Value-Camera/ipc-b120ha-luf-sl/","Smart Supplement Light","Yes"
"hikvision","HiLook","Value Camera","IPC-B120HA-LUF-SL","IPC-B120HA-LUF/SL 2 MP Smart Hybrid Light MD 2.0 Fixed Bullet Network Camera","https://www.hikvision.com/en/products/HiLook-IP-Products/Network-Cameras/Value-Camera/ipc-b120ha-luf-sl/","IR Wavelength","850 nm"
"hikvision","HiLook","Value Camera","IPC-B120HA-LUF-SL","IPC-B120HA-LUF/SL 2 MP Smart Hybrid Light MD 2.0 Fixed Bullet Network Camera","https://www.hikvision.com/en/products/HiLook-IP-Products/Network-Cameras/Value-Camera/ipc-b120ha-luf-sl/","Main Stream","50 Hz: 25 fps (1920 × 1080, 1280 × 720)\n60 Hz: 30 fps (1920 × 1080, 1280 × 720)"
"hikvision","HiLook","Value Camera","IPC-B120HA-LUF-SL","IPC-B120HA-LUF/SL 2 MP Smart Hybrid Light MD 2.0 Fixed Bullet Network Camera","https://www.hikvision.com/en/products/HiLook-IP-Products/Network-Cameras/Value-Camera/ipc-b120ha-luf-sl/","Sub-Stream","50 Hz: 25 fps (640 × 480, 640 × 360)\n60 Hz: 30 fps (640 × 480, 640 × 360)"
"hikvision","HiLook","Value Camera","IPC-B120HA-LUF-SL","IPC-B120HA-LUF/SL 2 MP Smart Hybrid Light MD 2.0 Fixed Bullet Network Camera","https://www.hikvision.com/en/products/HiLook-IP-Products/Network-Cameras/Value-Camera/ipc-b120ha-luf-sl/","Video Compression","Main stream: H.265+/H.265/H.264+/H.264,\nSub-stream: H.265/H.264/MJPEG"
"hikvision","HiLook","Value Camera","IPC-B120HA-LUF-SL","IPC-B120HA-LUF/SL 2 MP Smart Hybrid Light MD 2.0 Fixed Bullet Network Camera","https://www.hikvision.com/en/products/HiLook-IP-Products/Network-Cameras/Value-Camera/ipc-b120ha-luf-sl/","Video Bit Rate","32 Kbps to 8 Mbps"
"hikvision","HiLook","Value Camera","IPC-B120HA-LUF-SL","IPC-B120HA-LUF/SL 2 MP Smart Hybrid Light MD 2.0 Fixed Bullet Network Camera","https://www.hikvision.com/en/products/HiLook-IP-Products/Network-Cameras/Value-Camera/ipc-b120ha-luf-sl/","H.264 Type","Baseline Profile,Main Profile,High Profile"
"hikvision","HiLook","Value Camera","IPC-B120HA-LUF-SL","IPC-B120HA-LUF/SL 2 MP Smart Hybrid Light MD 2.0 Fixed Bullet Network Camera","https://www.hikvision.com/en/products/HiLook-IP-Products/Network-Cameras/Value-Camera/ipc-b120ha-luf-sl/","H.265 Type","Main Profile"
"hikvision","HiLook","Value Camera","IPC-B120HA-LUF-SL","IPC-B120HA-LUF/SL 2 MP Smart Hybrid Light MD 2.0 Fixed Bullet Network Camera","https://www.hikvision.com/en/products/HiLook-IP-Products/Network-Cameras/Value-Camera/ipc-b120ha-luf-sl/","Bit Rate Control","CBR,VBR"
"hikvision","HiLook","Value Camera","IPC-B120HA-LUF-SL","IPC-B120HA-LUF/SL 2 MP Smart Hybrid Light MD 2.0 Fixed Bullet Network Camera","https://www.hikvision.com/en/products/HiLook-IP-Products/Network-Cameras/Value-Camera/ipc-b120ha-luf-sl/","Region Of Interest (ROI)","1 fixed region for main stream"
"hikvision","HiLook","Value Camera","IPC-B120HA-LUF-SL","IPC-B120HA-LUF/SL 2 MP Smart Hybrid Light MD 2.0 Fixed Bullet Network Camera","https://www.hikvision.com/en/products/HiLook-IP-Products/Network-Cameras/Value-Camera/ipc-b120ha-luf-sl/","Audio Type","Mono sound"
"hikvision","HiLook","Value Camera","IPC-B120HA-LUF-SL","IPC-B120HA-LUF/SL 2 MP Smart Hybrid Light MD 2.0 Fixed Bullet Network Camera","https://www.hikvision.com/en/products/HiLook-IP-Products/Network-Cameras/Value-Camera/ipc-b120ha-luf-sl/","Audio Sampling Rate","8 kHz/16 kHz"
"hikvision","HiLook","Value Camera","IPC-B120HA-LUF-SL","IPC-B120HA-LUF/SL 2 MP Smart Hybrid Light MD 2.0 Fixed Bullet Network Camera","https://www.hikvision.com/en/products/HiLook-IP-Products/Network-Cameras/Value-Camera/ipc-b120ha-luf-sl/","Environment Noise Filtering","Yes"
"hikvision","HiLook","Value Camera","IPC-B120HA-LUF-SL","IPC-B120HA-LUF/SL 2 MP Smart Hybrid Light MD 2.0 Fixed Bullet Network Camera","https://www.hikvision.com/en/products/HiLook-IP-Products/Network-Cameras/Value-Camera/ipc-b120ha-luf-sl/","Audio Compression","G.711/G.722.1/G.726/MP2L2/PCM/AAC-LC"
"hikvision","HiLook","Value Camera","IPC-B120HA-LUF-SL","IPC-B120HA-LUF/SL 2 MP Smart Hybrid Light MD 2.0 Fixed Bullet Network Camera","https://www.hikvision.com/en/products/HiLook-IP-Products/Network-Cameras/Value-Camera/ipc-b120ha-luf-sl/","Audio Bit Rate","64 Kbps (G.711ulaw/G.711alaw)/16 Kbps (G.722.1)/16 Kbps (G.726)/32 to 160 Kbps (MP2L2)/16 to 64 Kbps (AAC-LC)"
"hikvision","HiLook","Value Camera","IPC-B120HA-LUF-SL","IPC-B120HA-LUF/SL 2 MP Smart Hybrid Light MD 2.0 Fixed Bullet Network Camera","https://www.hikvision.com/en/products/HiLook-IP-Products/Network-Cameras/Value-Camera/ipc-b120ha-luf-sl/","Security","Password protection, complicated password, watermark, basic and digest authentication for HTTP, WSSE and digest authentication for Open Network Video Interface, security audit log, host authentication (MAC address)"
"hikvision","HiLook","Value Camera","IPC-B120HA-LUF-SL","IPC-B120HA-LUF/SL 2 MP Smart Hybrid Light MD 2.0 Fixed Bullet Network Camera","https://www.hikvision.com/en/products/HiLook-IP-Products/Network-Cameras/Value-Camera/ipc-b120ha-luf-sl/","Simultaneous Live View","Up to 6 channels"
"hikvision","HiLook","Value Camera","IPC-B120HA-LUF-SL","IPC-B120HA-LUF/SL 2 MP Smart Hybrid Light MD 2.0 Fixed Bullet Network Camera","https://www.hikvision.com/en/products/HiLook-IP-Products/Network-Cameras/Value-Camera/ipc-b120ha-luf-sl/","API","Open Network Video Interface (Profile S, Profile T, Profile G),ISAPI,SDK"
"hikvision","HiLook","Value Camera","IPC-B120HA-LUF-SL","IPC-B120HA-LUF/SL 2 MP Smart Hybrid Light MD 2.0 Fixed Bullet Network Camera","https://www.hikvision.com/en/products/HiLook-IP-Products/Network-Cameras/Value-Camera/ipc-b120ha-luf-sl/","Protocols","TCP/IP, ICMP, DHCP, DNS, HTTP, RTP, RTSP, NTP, IGMP, IPv6, UDP, QoS, FTP, SMTP"
"hikvision","HiLook","Value Camera","IPC-B120HA-LUF-SL","IPC-B120HA-LUF/SL 2 MP Smart Hybrid Light MD 2.0 Fixed Bullet Network Camera","https://www.hikvision.com/en/products/HiLook-IP-Products/Network-Cameras/Value-Camera/ipc-b120ha-luf-sl/","User/Host","Up to 32 users\n3 user levels: administrator, operator, and user"
"hikvision","HiLook","Value Camera","IPC-B120HA-LUF-SL","IPC-B120HA-LUF/SL 2 MP Smart Hybrid Light MD 2.0 Fixed Bullet Network Camera","https://www.hikvision.com/en/products/HiLook-IP-Products/Network-Cameras/Value-Camera/ipc-b120ha-luf-sl/","Client","iVMS-4200,HiLookVision"
"hikvision","HiLook","Value Camera","IPC-B120HA-LUF-SL","IPC-B120HA-LUF/SL 2 MP Smart Hybrid Light MD 2.0 Fixed Bullet Network Camera","https://www.hikvision.com/en/products/HiLook-IP-Products/Network-Cameras/Value-Camera/ipc-b120ha-luf-sl/","Web Browser","Plug-in required live view: IE 10, IE 11,\nLocal service: Chrome 57.0+, Firefox 52.0+, Edge 89+"
"hikvision","HiLook","Value Camera","IPC-B120HA-LUF-SL","IPC-B120HA-LUF/SL 2 MP Smart Hybrid Light MD 2.0 Fixed Bullet Network Camera","https://www.hikvision.com/en/products/HiLook-IP-Products/Network-Cameras/Value-Camera/ipc-b120ha-luf-sl/","Wide Dynamic Range (WDR)","Digital WDR"
"hikvision","HiLook","Value Camera","IPC-B120HA-LUF-SL","IPC-B120HA-LUF/SL 2 MP Smart Hybrid Light MD 2.0 Fixed Bullet Network Camera","https://www.hikvision.com/en/products/HiLook-IP-Products/Network-Cameras/Value-Camera/ipc-b120ha-luf-sl/","SNR","≥ 52 dB"
"hikvision","HiLook","Value Camera","IPC-B120HA-LUF-SL","IPC-B120HA-LUF/SL 2 MP Smart Hybrid Light MD 2.0 Fixed Bullet Network Camera","https://www.hikvision.com/en/products/HiLook-IP-Products/Network-Cameras/Value-Camera/ipc-b120ha-luf-sl/","Day/Night Switch","Day,Night,Auto,Schedule"
"hikvision","HiLook","Value Camera","IPC-B120HA-LUF-SL","IPC-B120HA-LUF/SL 2 MP Smart Hybrid Light MD 2.0 Fixed Bullet Network Camera","https://www.hikvision.com/en/products/HiLook-IP-Products/Network-Cameras/Value-Camera/ipc-b120ha-luf-sl/","Image Enhancement","BLC,HLC,3D DNR"
"hikvision","HiLook","Value Camera","IPC-B120HA-LUF-SL","IPC-B120HA-LUF/SL 2 MP Smart Hybrid Light MD 2.0 Fixed Bullet Network Camera","https://www.hikvision.com/en/products/HiLook-IP-Products/Network-Cameras/Value-Camera/ipc-b120ha-luf-sl/","Image Settings","Rotate mode,saturation,brightness,contrast,sharpness,gain,white balance,adjustable by client software or web browser"
"hikvision","HiLook","Value Camera","IPC-B120HA-LUF-SL","IPC-B120HA-LUF/SL 2 MP Smart Hybrid Light MD 2.0 Fixed Bullet Network Camera","https://www.hikvision.com/en/products/HiLook-IP-Products/Network-Cameras/Value-Camera/ipc-b120ha-luf-sl/","Privacy Mask","4 programmable rectangle privacy masks"
"hikvision","HiLook","Value Camera","IPC-B120HA-LUF-SL","IPC-B120HA-LUF/SL 2 MP Smart Hybrid Light MD 2.0 Fixed Bullet Network Camera","https://www.hikvision.com/en/products/HiLook-IP-Products/Network-Cameras/Value-Camera/ipc-b120ha-luf-sl/","Ethernet Interface","1 RJ45 10 M/100 M self-adaptive Ethernet port"
"hikvision","HiLook","Value Camera","IPC-B120HA-LUF-SL","IPC-B120HA-LUF/SL 2 MP Smart Hybrid Light MD 2.0 Fixed Bullet Network Camera","https://www.hikvision.com/en/products/HiLook-IP-Products/Network-Cameras/Value-Camera/ipc-b120ha-luf-sl/","On-Board Storage","Built-in memory card slot, support microSD/microSDHC/microSDXC card, up to 512 GB"
"hikvision","HiLook","Value Camera","IPC-B120HA-LUF-SL","IPC-B120HA-LUF/SL 2 MP Smart Hybrid Light MD 2.0 Fixed Bullet Network Camera","https://www.hikvision.com/en/products/HiLook-IP-Products/Network-Cameras/Value-Camera/ipc-b120ha-luf-sl/","Built-In Microphone","Yes,1 built-in microphone"
"hikvision","HiLook","Value Camera","IPC-B120HA-LUF-SL","IPC-B120HA-LUF/SL 2 MP Smart Hybrid Light MD 2.0 Fixed Bullet Network Camera","https://www.hikvision.com/en/products/HiLook-IP-Products/Network-Cameras/Value-Camera/ipc-b120ha-luf-sl/","Built-In Speaker","Max. power consumption: 1.5 W, max. sound pressure level: 10 cm: 95 dB."
"hikvision","HiLook","Value Camera","IPC-B120HA-LUF-SL","IPC-B120HA-LUF/SL 2 MP Smart Hybrid Light MD 2.0 Fixed Bullet Network Camera","https://www.hikvision.com/en/products/HiLook-IP-Products/Network-Cameras/Value-Camera/ipc-b120ha-luf-sl/","Reset Key","Yes"
"hikvision","HiLook","Value Camera","IPC-B120HA-LUF-SL","IPC-B120HA-LUF/SL 2 MP Smart Hybrid Light MD 2.0 Fixed Bullet Network Camera","https://www.hikvision.com/en/products/HiLook-IP-Products/Network-Cameras/Value-Camera/ipc-b120ha-luf-sl/","Basic Event","Motion detection (support alarm triggering by specified target types (human and vehicle)),video tampering alarm,exception"
"hikvision","HiLook","Value Camera","IPC-B120HA-LUF-SL","IPC-B120HA-LUF/SL 2 MP Smart Hybrid Light MD 2.0 Fixed Bullet Network Camera","https://www.hikvision.com/en/products/HiLook-IP-Products/Network-Cameras/Value-Camera/ipc-b120ha-luf-sl/","Linkage","Upload to FTP/memory card, notify surveillance center, send email, trigger recording, trigger capture, audible warning, flashing light"
"hikvision","HiLook","Value Camera","IPC-B120HA-LUF-SL","IPC-B120HA-LUF/SL 2 MP Smart Hybrid Light MD 2.0 Fixed Bullet Network Camera","https://www.hikvision.com/en/products/HiLook-IP-Products/Network-Cameras/Value-Camera/ipc-b120ha-luf-sl/","Power","12 VDC ± 25%, 0.62 A, max. 7.5 W,Ø5.5 mm coaxial power plug,reverse polarity protection,\nPoE: IEEE 802.3af, Class 3, max. 9 W"
"hikvision","HiLook","Value Camera","IPC-B120HA-LUF-SL","IPC-B120HA-LUF/SL 2 MP Smart Hybrid Light MD 2.0 Fixed Bullet Network Camera","https://www.hikvision.com/en/products/HiLook-IP-Products/Network-Cameras/Value-Camera/ipc-b120ha-luf-sl/","Material","Metal & Plastic"
"hikvision","HiLook","Value Camera","IPC-B120HA-LUF-SL","IPC-B120HA-LUF/SL 2 MP Smart Hybrid Light MD 2.0 Fixed Bullet Network Camera","https://www.hikvision.com/en/products/HiLook-IP-Products/Network-Cameras/Value-Camera/ipc-b120ha-luf-sl/","Dimension","179 mm × 67.4 mm × 69.1 mm (7.1\" × 2.7\" × 2.7\")"
"hikvision","HiLook","Value Camera","IPC-B120HA-LUF-SL","IPC-B120HA-LUF/SL 2 MP Smart Hybrid Light MD 2.0 Fixed Bullet Network Camera","https://www.hikvision.com/en/products/HiLook-IP-Products/Network-Cameras/Value-Camera/ipc-b120ha-luf-sl/","Package Dimension","216 mm × 121 mm × 118 mm (8.5\" × 4.8\" × 4.6\")"
"hikvision","HiLook","Value Camera","IPC-B120HA-LUF-SL","IPC-B120HA-LUF/SL 2 MP Smart Hybrid Light MD 2.0 Fixed Bullet Network Camera","https://www.hikvision.com/en/products/HiLook-IP-Products/Network-Cameras/Value-Camera/ipc-b120ha-luf-sl/","With Package Weight","Approx. 520 g (1.1 lb.)"
"hikvision","HiLook","Value Camera","IPC-B120HA-LUF-SL","IPC-B120HA-LUF/SL 2 MP Smart Hybrid Light MD 2.0 Fixed Bullet Network Camera","https://www.hikvision.com/en/products/HiLook-IP-Products/Network-Cameras/Value-Camera/ipc-b120ha-luf-sl/","Storage Conditions","-30 °C to 60 °C (-22 °F to 140 °F). Humidity 95% or less (non-condensing)"
"hikvision","HiLook","Value Camera","IPC-B120HA-LUF-SL","IPC-B120HA-LUF/SL 2 MP Smart Hybrid Light MD 2.0 Fixed Bullet Network Camera","https://www.hikvision.com/en/products/HiLook-IP-Products/Network-Cameras/Value-Camera/ipc-b120ha-luf-sl/","Startup And Operating Conditions","-30 °C to 60 °C (-22 °F to 140 °F). Humidity 95% or less (non-condensing)"
"hikvision","HiLook","Value Camera","IPC-B120HA-LUF-SL","IPC-B120HA-LUF/SL 2 MP Smart Hybrid Light MD 2.0 Fixed Bullet Network Camera","https://www.hikvision.com/en/products/HiLook-IP-Products/Network-Cameras/Value-Camera/ipc-b120ha-luf-sl/","Language","English, Ukrainian"
"hikvision","HiLook","Value Camera","IPC-B120HA-LUF-SL","IPC-B120HA-LUF/SL 2 MP Smart Hybrid Light MD 2.0 Fixed Bullet Network Camera","https://www.hikvision.com/en/products/HiLook-IP-Products/Network-Cameras/Value-Camera/ipc-b120ha-luf-sl/","General Function","Heartbeat,anti-banding,mirror,password protection,password reset via email"
"hikvision","HiLook","Value Camera","IPC-B120HA-LUF-SL","IPC-B120HA-LUF/SL 2 MP Smart Hybrid Light MD 2.0 Fixed Bullet Network Camera","https://www.hikvision.com/en/products/HiLook-IP-Products/Network-Cameras/Value-Camera/ipc-b120ha-luf-sl/","Flashing Light","Yes"
"hikvision","HiLook","Value Camera","IPC-B120HA-LUF-SL","IPC-B120HA-LUF/SL 2 MP Smart Hybrid Light MD 2.0 Fixed Bullet Network Camera","https://www.hikvision.com/en/products/HiLook-IP-Products/Network-Cameras/Value-Camera/ipc-b120ha-luf-sl/","EMC","CE-EMC: EN 55032:2015+A1:2020, EN 50130-4:2011+A1:2014, EN IEC 61000-3-2:2019+A1:2021, EN 61000-3-3:2013+A1:2019+A2:2021,\nRCM: AS/NZS CISPR 32: 2015,\nIC: ICES-003: Issue 7"
"hikvision","HiLook","Value Camera","IPC-B120HA-LUF-SL","IPC-B120HA-LUF/SL 2 MP Smart Hybrid Light MD 2.0 Fixed Bullet Network Camera","https://www.hikvision.com/en/products/HiLook-IP-Products/Network-Cameras/Value-Camera/ipc-b120ha-luf-sl/","Safety","CB: IEC 62368-1: 2014+A11,\nCE-LVD: EN 62368-1: 2014/A11: 2017"
"hikvision","HiLook","Value Camera","IPC-B120HA-LUF-SL","IPC-B120HA-LUF/SL 2 MP Smart Hybrid Light MD 2.0 Fixed Bullet Network Camera","https://www.hikvision.com/en/products/HiLook-IP-Products/Network-Cameras/Value-Camera/ipc-b120ha-luf-sl/","Environment","CE-RoHS: 2011/65/EU,\nWEEE: 2012/19/EU,\nReach: Regulation (EC) No 1907/2006"
"hikvision","HiLook","Value Camera","IPC-B120HA-LUF-SL","IPC-B120HA-LUF/SL 2 MP Smart Hybrid Light MD 2.0 Fixed Bullet Network Camera","https://www.hikvision.com/en/products/HiLook-IP-Products/Network-Cameras/Value-Camera/ipc-b120ha-luf-sl/","Protection","IP67: IEC 60529-2013"
"hikvision","HiLook","Value Camera","IPC-B120HA","IPC-B120HA 2 MP MD 2.0 Fixed Bullet Network Camera","https://www.hikvision.com/en/products/HiLook-IP-Products/Network-Cameras/Value-Camera/ipc-b120ha/","Image Sensor","1/2.9\" Progressive Scan CMOS"
"hikvision","HiLook","Value Camera","IPC-B120HA","IPC-B120HA 2 MP MD 2.0 Fixed Bullet Network Camera","https://www.hikvision.com/en/products/HiLook-IP-Products/Network-Cameras/Value-Camera/ipc-b120ha/","Max. Resolution","1920 × 1080"
"hikvision","HiLook","Value Camera","IPC-B120HA","IPC-B120HA 2 MP MD 2.0 Fixed Bullet Network Camera","https://www.hikvision.com/en/products/HiLook-IP-Products/Network-Cameras/Value-Camera/ipc-b120ha/","Min. Illumination","Color: 0.01 Lux @(F2.0, AGC ON), B/W: 0 Lux with IR"
"hikvision","HiLook","Value Camera","IPC-B120HA","IPC-B120HA 2 MP MD 2.0 Fixed Bullet Network Camera","https://www.hikvision.com/en/products/HiLook-IP-Products/Network-Cameras/Value-Camera/ipc-b120ha/","Shutter Time","1/3 s to 1/100,000 s"
"hikvision","HiLook","Value Camera","IPC-B120HA","IPC-B120HA 2 MP MD 2.0 Fixed Bullet Network Camera","https://www.hikvision.com/en/products/HiLook-IP-Products/Network-Cameras/Value-Camera/ipc-b120ha/","Day & Night","IR cut filter"
"hikvision","HiLook","Value Camera","IPC-B120HA","IPC-B120HA 2 MP MD 2.0 Fixed Bullet Network Camera","https://www.hikvision.com/en/products/HiLook-IP-Products/Network-Cameras/Value-Camera/ipc-b120ha/","Angle Adjustment","Pan: 0° to 360°, tilt: 0° to 90°, rotate: 0° to 360°"
"hikvision","HiLook","Value Camera","IPC-B120HA","IPC-B120HA 2 MP MD 2.0 Fixed Bullet Network Camera","https://www.hikvision.com/en/products/HiLook-IP-Products/Network-Cameras/Value-Camera/ipc-b120ha/","Lens Type","Fixed focal lens, 2.8 and 4 mm optional"
"hikvision","HiLook","Value Camera","IPC-B120HA","IPC-B120HA 2 MP MD 2.0 Fixed Bullet Network Camera","https://www.hikvision.com/en/products/HiLook-IP-Products/Network-Cameras/Value-Camera/ipc-b120ha/","Focal Length & FOV","2.8 mm, horizontal FOV 104°, vertical FOV 58°, diagonal FOV 123°\n4 mm, horizontal FOV 81°, vertical FOV 43°, diagonal FOV 96°"
"hikvision","HiLook","Value Camera","IPC-B120HA","IPC-B120HA 2 MP MD 2.0 Fixed Bullet Network Camera","https://www.hikvision.com/en/products/HiLook-IP-Products/Network-Cameras/Value-Camera/ipc-b120ha/","Lens Mount","M12"
"hikvision","HiLook","Value Camera","IPC-B120HA","IPC-B120HA 2 MP MD 2.0 Fixed Bullet Network Camera","https://www.hikvision.com/en/products/HiLook-IP-Products/Network-Cameras/Value-Camera/ipc-b120ha/","Iris Type","Fixed"
"hikvision","HiLook","Value Camera","IPC-B120HA","IPC-B120HA 2 MP MD 2.0 Fixed Bullet Network Camera","https://www.hikvision.com/en/products/HiLook-IP-Products/Network-Cameras/Value-Camera/ipc-b120ha/","Aperture","F2.0"
"hikvision","HiLook","Value Camera","IPC-B120HA","IPC-B120HA 2 MP MD 2.0 Fixed Bullet Network Camera","https://www.hikvision.com/en/products/HiLook-IP-Products/Network-Cameras/Value-Camera/ipc-b120ha/","DORI","2.8 mm, D: 42 m, O: 16 m, R: 8 m, I: 4 m\n4 mm, D: 57 m, O: 22 m, R: 11 m, I: 5 m"
"hikvision","HiLook","Value Camera","IPC-B120HA","IPC-B120HA 2 MP MD 2.0 Fixed Bullet Network Camera","https://www.hikvision.com/en/products/HiLook-IP-Products/Network-Cameras/Value-Camera/ipc-b120ha/","Supplement Light Type","IR"
"hikvision","HiLook","Value Camera","IPC-B120HA","IPC-B120HA 2 MP MD 2.0 Fixed Bullet Network Camera","https://www.hikvision.com/en/products/HiLook-IP-Products/Network-Cameras/Value-Camera/ipc-b120ha/","Supplement Light Range","Up to 30 m"
"hikvision","HiLook","Value Camera","IPC-B120HA","IPC-B120HA 2 MP MD 2.0 Fixed Bullet Network Camera","https://www.hikvision.com/en/products/HiLook-IP-Products/Network-Cameras/Value-Camera/ipc-b120ha/","Smart Supplement Light","Yes"
"hikvision","HiLook","Value Camera","IPC-B120HA","IPC-B120HA 2 MP MD 2.0 Fixed Bullet Network Camera","https://www.hikvision.com/en/products/HiLook-IP-Products/Network-Cameras/Value-Camera/ipc-b120ha/","IR Wavelength","850 nm"
"hikvision","HiLook","Value Camera","IPC-B120HA","IPC-B120HA 2 MP MD 2.0 Fixed Bullet Network Camera","https://www.hikvision.com/en/products/HiLook-IP-Products/Network-Cameras/Value-Camera/ipc-b120ha/","Main Stream","50 Hz: 25 fps (1920 × 1080, 1280 × 720)\n60 Hz: 30 fps (1920 × 1080, 1280 × 720)"
"hikvision","HiLook","Value Camera","IPC-B120HA","IPC-B120HA 2 MP MD 2.0 Fixed Bullet Network Camera","https://www.hikvision.com/en/products/HiLook-IP-Products/Network-Cameras/Value-Camera/ipc-b120ha/","Sub-Stream","50 Hz: 25 fps (640 × 480, 640 × 360)\n60 Hz: 30 fps (640 × 480, 640 × 360)"
"hikvision","HiLook","Value Camera","IPC-B120HA","IPC-B120HA 2 MP MD 2.0 Fixed Bullet Network Camera","https://www.hikvision.com/en/products/HiLook-IP-Products/Network-Cameras/Value-Camera/ipc-b120ha/","Video Compression","Main stream: H.265+/H.265/H.264+/H.264\nSub-stream: H.265/H.264/MJPEG"
"hikvision","HiLook","Value Camera","IPC-B120HA","IPC-B120HA 2 MP MD 2.0 Fixed Bullet Network Camera","https://www.hikvision.com/en/products/HiLook-IP-Products/Network-Cameras/Value-Camera/ipc-b120ha/","Video Bit Rate","32 Kbps to 8 Mbps"
"hikvision","HiLook","Value Camera","IPC-B120HA","IPC-B120HA 2 MP MD 2.0 Fixed Bullet Network Camera","https://www.hikvision.com/en/products/HiLook-IP-Products/Network-Cameras/Value-Camera/ipc-b120ha/","H.264 Type","Baseline Profile/Main Profile/High Profile"
"hikvision","HiLook","Value Camera","IPC-B120HA","IPC-B120HA 2 MP MD 2.0 Fixed Bullet Network Camera","https://www.hikvision.com/en/products/HiLook-IP-Products/Network-Cameras/Value-Camera/ipc-b120ha/","H.265 Type","Main Profile"
"hikvision","HiLook","Value Camera","IPC-B120HA","IPC-B120HA 2 MP MD 2.0 Fixed Bullet Network Camera","https://www.hikvision.com/en/products/HiLook-IP-Products/Network-Cameras/Value-Camera/ipc-b120ha/","Bit Rate Control","CBR/VBR"
"hikvision","HiLook","Value Camera","IPC-B120HA","IPC-B120HA 2 MP MD 2.0 Fixed Bullet Network Camera","https://www.hikvision.com/en/products/HiLook-IP-Products/Network-Cameras/Value-Camera/ipc-b120ha/","Region Of Interest (ROI)","1 fixed region for main stream"
"hikvision","HiLook","Value Camera","IPC-B120HA","IPC-B120HA 2 MP MD 2.0 Fixed Bullet Network Camera","https://www.hikvision.com/en/products/HiLook-IP-Products/Network-Cameras/Value-Camera/ipc-b120ha/","Security","Password protection, complicated password, watermark, basic and digest authentication for HTTP, WSSE and digest authentication for Open Network Video Interface, security audit log, host authentication (MAC address)"
"hikvision","HiLook","Value Camera","IPC-B120HA","IPC-B120HA 2 MP MD 2.0 Fixed Bullet Network Camera","https://www.hikvision.com/en/products/HiLook-IP-Products/Network-Cameras/Value-Camera/ipc-b120ha/","Simultaneous Live View","Up to 6 channels"
"hikvision","HiLook","Value Camera","IPC-B120HA","IPC-B120HA 2 MP MD 2.0 Fixed Bullet Network Camera","https://www.hikvision.com/en/products/HiLook-IP-Products/Network-Cameras/Value-Camera/ipc-b120ha/","API","Open Network Video Interface (Profile S, Profile T), ISAPI, SDK"
"hikvision","HiLook","Value Camera","IPC-B120HA","IPC-B120HA 2 MP MD 2.0 Fixed Bullet Network Camera","https://www.hikvision.com/en/products/HiLook-IP-Products/Network-Cameras/Value-Camera/ipc-b120ha/","Protocols","TCP/IP, ICMP, DHCP, DNS, HTTP, RTP, RTSP, NTP, IGMP, IPv6, UDP, QoS, FTP, SMTP"
"hikvision","HiLook","Value Camera","IPC-B120HA","IPC-B120HA 2 MP MD 2.0 Fixed Bullet Network Camera","https://www.hikvision.com/en/products/HiLook-IP-Products/Network-Cameras/Value-Camera/ipc-b120ha/","User/Host","Up to 32 users\n3 user levels: administrator, operator, and user"
"hikvision","HiLook","Value Camera","IPC-B120HA","IPC-B120HA 2 MP MD 2.0 Fixed Bullet Network Camera","https://www.hikvision.com/en/products/HiLook-IP-Products/Network-Cameras/Value-Camera/ipc-b120ha/","Client","iVMS-4200, HiLookVision"
"hikvision","HiLook","Value Camera","IPC-B120HA","IPC-B120HA 2 MP MD 2.0 Fixed Bullet Network Camera","https://www.hikvision.com/en/products/HiLook-IP-Products/Network-Cameras/Value-Camera/ipc-b120ha/","Web Browser","Plug-in required live view: IE 10, IE 11,\nLocal service: Chrome 57.0+, Firefox 52.0+"
"hikvision","HiLook","Value Camera","IPC-B120HA","IPC-B120HA 2 MP MD 2.0 Fixed Bullet Network Camera","https://www.hikvision.com/en/products/HiLook-IP-Products/Network-Cameras/Value-Camera/ipc-b120ha/","Wide Dynamic Range (WDR)","Digital WDR"
"hikvision","HiLook","Value Camera","IPC-B120HA","IPC-B120HA 2 MP MD 2.0 Fixed Bullet Network Camera","https://www.hikvision.com/en/products/HiLook-IP-Products/Network-Cameras/Value-Camera/ipc-b120ha/","SNR","≥ 52 dB"
"hikvision","HiLook","Value Camera","IPC-B120HA","IPC-B120HA 2 MP MD 2.0 Fixed Bullet Network Camera","https://www.hikvision.com/en/products/HiLook-IP-Products/Network-Cameras/Value-Camera/ipc-b120ha/","Day/Night Switch","Day, Night, Auto, Schedule"
"hikvision","HiLook","Value Camera","IPC-B120HA","IPC-B120HA 2 MP MD 2.0 Fixed Bullet Network Camera","https://www.hikvision.com/en/products/HiLook-IP-Products/Network-Cameras/Value-Camera/ipc-b120ha/","Image Enhancement","BLC, HLC, 3D DNR"
"hikvision","HiLook","Value Camera","IPC-B120HA","IPC-B120HA 2 MP MD 2.0 Fixed Bullet Network Camera","https://www.hikvision.com/en/products/HiLook-IP-Products/Network-Cameras/Value-Camera/ipc-b120ha/","Image Settings","Rotate mode, saturation, brightness, contrast, sharpness, gain, white balance, adjustable by client software or web browser"
"hikvision","HiLook","Value Camera","IPC-B120HA","IPC-B120HA 2 MP MD 2.0 Fixed Bullet Network Camera","https://www.hikvision.com/en/products/HiLook-IP-Products/Network-Cameras/Value-Camera/ipc-b120ha/","Privacy Mask","4 programmable polygon privacy masks"
"hikvision","HiLook","Value Camera","IPC-B120HA","IPC-B120HA 2 MP MD 2.0 Fixed Bullet Network Camera","https://www.hikvision.com/en/products/HiLook-IP-Products/Network-Cameras/Value-Camera/ipc-b120ha/","Ethernet Interface","1 RJ45 10 M/100 M self-adaptive Ethernet port"
"hikvision","HiLook","Value Camera","IPC-B120HA","IPC-B120HA 2 MP MD 2.0 Fixed Bullet Network Camera","https://www.hikvision.com/en/products/HiLook-IP-Products/Network-Cameras/Value-Camera/ipc-b120ha/","Basic Event","Motion detection (support alarm triggering by specified target types (human and vehicle)),video tampering alarm,exception"
"hikvision","HiLook","Value Camera","IPC-B120HA","IPC-B120HA 2 MP MD 2.0 Fixed Bullet Network Camera","https://www.hikvision.com/en/products/HiLook-IP-Products/Network-Cameras/Value-Camera/ipc-b120ha/","Linkage","Upload to FTP, notify surveillance center, trigger capture, send email"
"hikvision","HiLook","Value Camera","IPC-B120HA","IPC-B120HA 2 MP MD 2.0 Fixed Bullet Network Camera","https://www.hikvision.com/en/products/HiLook-IP-Products/Network-Cameras/Value-Camera/ipc-b120ha/","Power","12 VDC ± 25%, 0.4 A, max. 5 W, Ø5.5. mm coaxial power plug\nPoE: 802.3af, Class 3, 36 V to 57 V, 0.2 A to 0.15 A, max. 6.5 W"
"hikvision","HiLook","Value Camera","IPC-B120HA","IPC-B120HA 2 MP MD 2.0 Fixed Bullet Network Camera","https://www.hikvision.com/en/products/HiLook-IP-Products/Network-Cameras/Value-Camera/ipc-b120ha/","Material","Metal & Plastic"
"hikvision","HiLook","Value Camera","IPC-B120HA","IPC-B120HA 2 MP MD 2.0 Fixed Bullet Network Camera","https://www.hikvision.com/en/products/HiLook-IP-Products/Network-Cameras/Value-Camera/ipc-b120ha/","Dimension","184.1 mm × 66 mm × 69.1 mm (7.3\" × 2.6\" × 2.7\")"
"hikvision","HiLook","Value Camera","IPC-B120HA","IPC-B120HA 2 MP MD 2.0 Fixed Bullet Network Camera","https://www.hikvision.com/en/products/HiLook-IP-Products/Network-Cameras/Value-Camera/ipc-b120ha/","Package Dimension","216 mm × 121 mm × 118 mm (8.5\" × 4.8\" × 4.6\")"
"hikvision","HiLook","Value Camera","IPC-B120HA","IPC-B120HA 2 MP MD 2.0 Fixed Bullet Network Camera","https://www.hikvision.com/en/products/HiLook-IP-Products/Network-Cameras/Value-Camera/ipc-b120ha/","With Package Weight","Approx. 495 g (1.1 lb.)"
"hikvision","HiLook","Value Camera","IPC-B120HA","IPC-B120HA 2 MP MD 2.0 Fixed Bullet Network Camera","https://www.hikvision.com/en/products/HiLook-IP-Products/Network-Cameras/Value-Camera/ipc-b120ha/","Storage Conditions","-30 °C to 60 °C (-22 °F to 140 °F). Humidity 95% or less (non-condensing)"
"hikvision","HiLook","Value Camera","IPC-B120HA","IPC-B120HA 2 MP MD 2.0 Fixed Bullet Network Camera","https://www.hikvision.com/en/products/HiLook-IP-Products/Network-Cameras/Value-Camera/ipc-b120ha/","Startup And Operating Conditions","-30 °C to 60 °C (-22 °F to 140 °F). Humidity 95% or less (non-condensing)"
"hikvision","HiLook","Value Camera","IPC-B120HA","IPC-B120HA 2 MP MD 2.0 Fixed Bullet Network Camera","https://www.hikvision.com/en/products/HiLook-IP-Products/Network-Cameras/Value-Camera/ipc-b120ha/","Language","English, Ukrainian"
"hikvision","HiLook","Value Camera","IPC-B120HA","IPC-B120HA 2 MP MD 2.0 Fixed Bullet Network Camera","https://www.hikvision.com/en/products/HiLook-IP-Products/Network-Cameras/Value-Camera/ipc-b120ha/","General Function","Heartbeat, anti-banding, mirror, password protection, password reset via email"
"hikvision","HiLook","Value Camera","IPC-B120HA","IPC-B120HA 2 MP MD 2.0 Fixed Bullet Network Camera","https://www.hikvision.com/en/products/HiLook-IP-Products/Network-Cameras/Value-Camera/ipc-b120ha/","EMC","FCC SDoC: 47 CFR Part 15, Subpart B\nCE-EMC: EN 55032: 2015, EN 61000-3-2:2019, EN 61000-3-3:2013+A1:2019, EN 50130-4: 2011+A1: 2014\nRCM: AS/NZS CISPR 32: 2015"
"hikvision","HiLook","Value Camera","IPC-B120HA","IPC-B120HA 2 MP MD 2.0 Fixed Bullet Network Camera","https://www.hikvision.com/en/products/HiLook-IP-Products/Network-Cameras/Value-Camera/ipc-b120ha/","Safety","CB: IEC 62368-1:2014+A11\nCE-LVD: EN 62368-1:2014/A11:2017"
"hikvision","HiLook","Value Camera","IPC-B120HA","IPC-B120HA 2 MP MD 2.0 Fixed Bullet Network Camera","https://www.hikvision.com/en/products/HiLook-IP-Products/Network-Cameras/Value-Camera/ipc-b120ha/","Environment","CE-RoHS (2011/65/EU)\nWEEE (2012/19/EU)\nReach (Regulation (EC) No 1907/2006)"
"hikvision","HiLook","Value Camera","IPC-B120HA","IPC-B120HA 2 MP MD 2.0 Fixed Bullet Network Camera","https://www.hikvision.com/en/products/HiLook-IP-Products/Network-Cameras/Value-Camera/ipc-b120ha/","Protection","IP67 (IEC 60529-2013)"
